cell,seed,preset,overrides,generations_target,end_reason,ticks,mean_generation,population,peak_population,births,deaths,civ_stage,civ_stage_name,extinct_tick,storehouses,farms,disc_tick_forage,disc_gen_forage,disc_tick_store,disc_gen_store,disc_tick_farm,disc_gen_farm,final_mean_size,final_mean_sense,run_seconds,history_hash,path
mutation.rate=0.02,1,fast_civ,mutation.rate=0.02,60,generations,4352,60.10714286,28,250,2041,2213,2,저장,-1,2,0,3811,52.16,4016,55.44,-1,NaN,1.00675,3,22.396,e8d89855ea0b1b7ce68f3e51009f6065d9fbbb4109f4aa2321c817f49f012150,mutation.rate=0.02/seed1
mutation.rate=0.02,2,fast_civ,mutation.rate=0.02,60,generations,4081,60.024,250,250,4579,4529,3,농사,-1,4,30,791,11.04,1092,16.22,1867,29.53,0.963431,3,38.096,4a656173a145f7c72450933c8e9d0a5650b7702d74b94f315a7bf39f676711fa,mutation.rate=0.02/seed2
mutation.rate=0.02,3,fast_civ,mutation.rate=0.02,60,generations,4305,60,250,250,4660,4610,3,농사,-1,4,76,934,12.54,996,13.66,1470,22.4,0.955317,3,39.651,efddbf2e7e8b22ee2ad54c239d8d827abc515b6e88ee9fda7746a064ab99cd81,mutation.rate=0.02/seed3
mutation.rate=0.02,4,fast_civ,mutation.rate=0.02,60,generations,4510,60.008,250,250,4493,4443,3,농사,-1,4,169,295,2.22,335,2.86,897,10.7,1.003717,2.996,45.772,ffe747d3a24c943172f2468a352315a1dea83c9bdbbf9ce054c4cb0cb3d37c17,mutation.rate=0.02/seed4
mutation.rate=0.05,1,fast_civ,mutation.rate=0.05,60,generations,3966,60,52,250,2394,2542,3,농사,-1,4,8,2309,33.87,2502,36.22,3321,49.02,0.996014,3,24.822,882e526e4f2bb1683e6b03d110e361d038aa3fe5d13bafb5dcb54beb6ea20f30,mutation.rate=0.05/seed1
mutation.rate=0.05,2,fast_civ,mutation.rate=0.05,60,generations,4703,60,250,250,5423,5373,3,농사,-1,4,156,441,4.19,508,4.84,907,12.67,0.982406,3,44.464,d343eaa7762e12f43c5e28a42bfcbf7f1e3404be0943994c5859892898ad304f,mutation.rate=0.05/seed2
mutation.rate=0.05,3,fast_civ,mutation.rate=0.05,60,generations,4304,60.00858369,233,250,4596,4563,2,저장,-1,4,0,1795,23.27,3035,42.13,-1,NaN,0.897161,2.969957,28.785,00eecc779cb3d186ada3923b777a4e210b63fe13e5906d9e8f892690468bdc2b,mutation.rate=0.05/seed3
mutation.rate=0.05,4,fast_civ,mutation.rate=0.05,60,generations,4228,60,250,250,3855,3805,3,농사,-1,4,16,616,6.27,697,7.77,1414,19.99,0.962615,3,24.668,89476ad96982be696c6d22e7e06a37470ce43b7c15c46547fb9bca12c9d106c0,mutation.rate=0.05/seed4
mutation.rate=0.1,1,fast_civ,mutation.rate=0.1,60,generations,3718,60,88,250,1892,2004,1,채집,-1,0,0,3666,59.25,-1,NaN,-1,NaN,0.890293,3,11.49,3f7b4998fae927ce3d76bed10b3bd5cc750953c05c232eb44f5233c536fe414a,mutation.rate=0.1/seed1
mutation.rate=0.1,2,fast_civ,mutation.rate=0.1,60,generations,4957,60.012,250,250,5646,5596,3,농사,-1,4,146,310,2.24,362,3.2,560,5.76,0.953484,3,37.84,5f9913fe8d9e5507d365c685f8ffe5c8a1195c1d71e5ab4e37434e52719cd9ab,mutation.rate=0.1/seed2
mutation.rate=0.1,3,fast_civ,mutation.rate=0.1,60,generations,4264,60.02553191,235,250,4467,4432,2,저장,-1,4,0,2744,40.02,3762,53.12,-1,NaN,0.980464,2.625532,30.761,30ad06a0daac276a914fb5a67dcb0e9c222d6444c7e94c910f5cb983c051cffe,mutation.rate=0.1/seed3
mutation.rate=0.1,4,fast_civ,mutation.rate=0.1,60,generations,4250,60.004,250,250,4504,4454,3,농사,-1,4,128,400,3.73,437,4.26,826,11.36,0.928411,2.98,31.739,657307bbf93bb27f09778e96fa383bfd13b80ad048b932b8be4526f5f19d81e6,mutation.rate=0.1/seed4
